ANNOTATIONSESSIONID,ANNOTATORID,CHARUID,FIXATIONUID,READERUID,TEXTLANG,TEXTUID
686,363,3004,803038,98,en,4
686,363,3260,803129,98,en,4
686,363,3215,803114,98,en,4
686,363,2959,803054,98,en,4
686,363,3563,803288,98,en,4
686,363,3427,803189,98,en,4
686,363,3677,803310,98,en,4
686,363,3022,803044,98,en,4
686,363,3144,803150,98,en,4
686,363,3581,803247,98,en,4
686,363,3015,803043,98,en,4
686,363,3410,803183,98,en,4
686,363,3716,803323,98,en,4
686,363,3113,803088,98,en,4
686,363,3107,803087,98,en,4
686,363,3253,803126,98,en,4
686,363,3554,803287,98,en,4
686,363,3576,803289,98,en,4
686,363,3521,803237,98,en,4
686,363,3416,803269,98,en,4
686,363,3196,803110,98,en,4
686,363,3405,803209,98,en,4
686,363,3015,803040,98,en,4
686,363,3245,803122,98,en,4
686,363,3232,803170,98,en,4
686,363,3322,803142,98,en,4
686,363,3155,803152,98,en,4
686,363,3552,803243,98,en,4
686,363,3020,803067,98,en,4
686,363,3341,803191,98,en,4
686,363,3328,803255,98,en,4
686,363,3447,803238,98,en,4
686,363,3579,803248,98,en,4
686,363,3707,803317,98,en,4
686,363,3140,803092,98,en,4
686,363,3543,803286,98,en,4
686,363,3534,803284,98,en,4
686,363,3204,803111,98,en,4
686,363,3001,803042,98,en,4
686,363,3180,803157,98,en,4
686,363,3152,803095,98,en,4
686,363,3442,803273,98,en,4
686,363,2949,803055,98,en,4
686,363,3241,803121,98,en,4
686,363,3221,803168,98,en,4
686,363,3186,803158,98,en,4
686,363,3202,803162,98,en,4
686,363,3228,803118,98,en,4
686,363,3581,803290,98,en,4
686,363,3588,803250,98,en,4
686,363,3635,803303,98,en,4
686,363,3083,803081,98,en,4
686,363,3446,803220,98,en,4
686,363,3711,803319,98,en,4
686,363,3255,803128,98,en,4
686,363,3662,803308,98,en,4
686,363,2987,803061,98,en,4
686,363,3275,803134,98,en,4
686,363,3226,803117,98,en,4
686,363,3361,803198,98,en,4
686,363,3484,803228,98,en,4
686,363,3517,803282,98,en,4
686,363,3138,803149,98,en,4
686,363,3409,803253,98,en,4
686,363,3200,803160,98,en,4
686,363,3053,803050,98,en,4
686,363,3424,803184,98,en,4
686,363,3071,803077,98,en,4
686,363,3480,803226,98,en,4
686,363,3473,803225,98,en,4
686,363,2993,803062,98,en,4
686,363,3318,803254,98,en,4
686,363,3451,803274,98,en,4
686,363,3306,803139,98,en,4
686,363,2959,803057,98,en,4
686,363,3248,803124,98,en,4
686,363,3721,803321,98,en,4
686,363,3223,803116,98,en,4
686,363,3544,803241,98,en,4
686,363,3148,803094,98,en,4
686,363,3465,803224,98,en,4
686,363,3007,803066,98,en,4
686,363,3513,803235,98,en,4
686,363,3355,803258,98,en,4
686,363,3195,803165,98,en,4
686,363,3408,803210,98,en,4
686,363,3435,803219,98,en,4
686,363,3425,803216,98,en,4
686,363,3569,803245,98,en,4
686,363,3145,803146,98,en,4
686,363,3359,803260,98,en,4
686,363,3361,803196,98,en,4
686,363,3508,803281,98,en,4
686,363,3102,803085,98,en,4
686,363,3426,803270,98,en,4
686,363,3159,803103,98,en,4
686,363,3486,803263,98,en,4
686,363,3463,803275,98,en,4
686,363,2987,803063,98,en,4
686,363,3228,803171,98,en,4
686,363,3354,803201,98,en,4
686,363,3643,803305,98,en,4
686,363,3002,803041,98,en,4
686,363,3055,803073,98,en,4
686,363,3038,803070,98,en,4
686,363,3162,803102,98,en,4
686,363,3228,803169,98,en,4
686,363,3009,803039,98,en,4
686,363,3665,803311,98,en,4
686,363,3266,803131,98,en,4
686,363,3421,803188,98,en,4
686,363,3529,803285,98,en,4
686,363,3432,803187,98,en,4
686,363,2925,803052,98,en,4
686,363,3355,803202,98,en,4
686,363,3480,803227,98,en,4
686,363,3269,803130,98,en,4
686,363,3031,803047,98,en,4
686,363,3180,803105,98,en,4
686,363,3281,803135,98,en,4
686,363,3295,803137,98,en,4
686,363,3491,803230,98,en,4
686,363,3357,803197,98,en,4
686,363,3498,803280,98,en,4
686,363,3517,803236,98,en,4
686,363,3723,803320,98,en,4
686,363,2873,803036,98,en,4
686,363,3159,803101,98,en,4
686,363,3590,803249,98,en,4
686,363,3239,803120,98,en,4
686,363,3144,803096,98,en,4
686,363,3175,803125,98,en,4
686,363,3055,803051,98,en,4
686,363,3267,803133,98,en,4
686,363,3418,803215,98,en,4
686,363,3598,803293,98,en,4
686,363,3206,803163,98,en,4
686,363,3628,803302,98,en,4
686,363,3224,803167,98,en,4
686,363,3394,803207,98,en,4
686,363,3590,803251,98,en,4
686,363,2954,803056,98,en,4
686,363,3219,803115,98,en,4
686,363,3133,803091,98,en,4
686,363,3272,803179,98,en,4
686,363,3699,803316,98,en,4
686,363,3491,803268,98,en,4
686,363,3143,803093,98,en,4
686,363,3155,803099,98,en,4
686,363,3126,803147,98,en,4
686,363,3554,803242,98,en,4
686,363,3589,803291,98,en,4
686,363,3060,803074,98,en,4
686,363,3183,803106,98,en,4
686,363,3410,803213,98,en,4
686,363,3191,803107,98,en,4
686,363,3339,803257,98,en,4
686,363,3200,803109,98,en,4
686,363,3314,803140,98,en,4
686,363,3301,803138,98,en,4
686,363,3316,803143,98,en,4
686,363,3149,803097,98,en,4
686,363,3450,803221,98,en,4
686,363,3033,803068,98,en,4
686,363,3081,803080,98,en,4
686,363,3369,803199,98,en,4
686,363,3189,803108,98,en,4
686,363,3448,803222,98,en,4
686,363,3537,803240,98,en,4
686,363,3680,803312,98,en,4
686,363,3408,803212,98,en,4
686,363,3429,803186,98,en,4
686,363,3645,803304,98,en,4
686,363,3388,803262,98,en,4
686,363,3397,803208,98,en,4
686,363,3726,803322,98,en,4
686,363,3216,803166,98,en,4
686,363,3657,803307,98,en,4
686,363,3087,803082,98,en,4
686,363,3368,803203,98,en,4
686,363,3647,803306,98,en,4
686,363,3351,803194,98,en,4
686,363,3037,803048,98,en,4
686,363,3173,803104,98,en,4
686,363,3357,803192,98,en,4
686,363,3376,803200,98,en,4
686,363,3460,803276,98,en,4
686,363,3482,803278,98,en,4
686,363,3291,803181,98,en,4
686,363,3094,803083,98,en,4
686,363,3077,803078,98,en,4
686,363,3442,803271,98,en,4
686,363,3492,803231,98,en,4
686,363,3528,803239,98,en,4
686,363,3667,803309,98,en,4
686,363,3589,803294,98,en,4
686,363,3591,803252,98,en,4
686,363,3495,803279,98,en,4
686,363,3215,803164,98,en,4
686,363,3331,803256,98,en,4
686,363,3562,803283,98,en,4
686,363,3403,803211,98,en,4
686,363,3435,803272,98,en,4
686,363,3176,803156,98,en,4
686,363,3357,803195,98,en,4
686,363,3166,803153,98,en,4
686,363,3169,803100,98,en,4
686,363,3625,803301,98,en,4
686,363,3207,803112,98,en,4
686,363,2972,803059,98,en,4
686,363,2988,803065,98,en,4
686,363,3290,803136,98,en,4
686,363,3558,803244,98,en,4
686,363,3104,803084,98,en,4
686,363,3319,803141,98,en,4
686,363,3231,803145,98,en,4
686,363,3042,803069,98,en,4
686,363,2993,803064,98,en,4
686,363,3064,803076,98,en,4
686,363,3153,803098,98,en,4
686,363,3279,803180,98,en,4
686,363,3377,803204,98,en,4
686,363,3216,803113,98,en,4
686,363,3263,803178,98,en,4
686,363,3128,803148,98,en,4
686,363,3261,803132,98,en,4
686,363,3248,803123,98,en,4
686,363,2957,803053,98,en,4
686,363,3328,803144,98,en,4
686,363,3206,803161,98,en,4
686,363,3115,803086,98,en,4
686,363,3441,803218,98,en,4
686,363,2990,803060,98,en,4
686,363,3251,803127,98,en,4
686,363,3125,803090,98,en,4
686,363,3572,803246,98,en,4
686,363,3045,803049,98,en,4
686,363,3150,803151,98,en,4
686,363,3460,803223,98,en,4
686,363,3478,803277,98,en,4
686,363,3233,803119,98,en,4
686,363,2999,803037,98,en,4
686,363,3416,803214,98,en,4
686,363,3382,803206,98,en,4
686,363,3072,803075,98,en,4
686,363,3427,803217,98,en,4
671,358,2883,802995,98,en,4
689,364,5601,851690,3,en,7
689,364,6264,851830,3,en,7
689,364,5661,851776,3,en,7
689,364,5814,851941,3,en,7
689,364,6257,851839,3,en,7
689,364,6334,851858,3,en,7
689,364,5821,851943,3,en,7
689,364,5747,851898,3,en,7
689,364,6401,851856,3,en,7
689,364,5752,851899,3,en,7
689,364,6574,851930,3,en,7
689,364,6594,851932,3,en,7
689,364,5925,851742,3,en,7
689,364,5962,851746,3,en,7
689,364,5660,851728,3,en,7
689,364,5660,851700,3,en,7
689,364,6063,851773,3,en,7
689,364,6404,851862,3,en,7
689,364,6488,851905,3,en,7
689,364,6181,851802,3,en,7
689,364,6352,851859,3,en,7
689,364,5767,851926,3,en,7
689,364,6582,851931,3,en,7
689,364,6265,851840,3,en,7
689,364,5709,851706,3,en,7
689,364,6615,851937,3,en,7
689,364,5648,851698,3,en,7
689,364,6325,851836,3,en,7
689,364,5690,851703,3,en,7
689,364,6318,851835,3,en,7
689,364,6607,851935,3,en,7
689,364,5930,851743,3,en,7
689,364,6247,851816,3,en,7
689,364,5645,851722,3,en,7
689,364,6167,851801,3,en,7
689,364,5624,851694,3,en,7
689,364,6492,851906,3,en,7
689,364,5595,851881,3,en,7
689,364,6468,851902,3,en,7
689,364,5756,851911,3,en,7
689,364,5809,851717,3,en,7
689,364,5941,851748,3,en,7
689,364,6378,851852,3,en,7
689,364,6188,851822,3,en,7
689,364,5668,851794,3,en,7
689,364,5744,851897,3,en,7
689,364,5893,851737,3,en,7
689,364,6237,851815,3,en,7
689,364,5922,851760,3,en,7
689,364,5809,851940,3,en,7
689,364,5732,851893,3,en,7
689,364,6330,851837,3,en,7
689,364,5635,851708,3,en,7
689,364,6617,851938,3,en,7
689,364,6226,851828,3,en,7
689,364,5637,851720,3,en,7
689,364,6046,851770,3,en,7
689,364,5793,851939,3,en,7
689,364,5834,851719,3,en,7
689,364,5849,851730,3,en,7
689,364,5960,851763,3,en,7
689,364,6484,851868,3,en,7
689,364,6495,851907,3,en,7
689,364,5950,851762,3,en,7
689,364,6435,851688,3,en,7
689,364,5997,851753,3,en,7
689,364,6353,851847,3,en,7
689,364,5712,851855,3,en,7
689,364,6079,851768,3,en,7
689,364,6142,851787,3,en,7
689,364,6511,851869,3,en,7
689,364,5727,851709,3,en,7
689,364,5651,851724,3,en,7
689,364,5790,851929,3,en,7
689,364,6018,851767,3,en,7
689,364,6110,851780,3,en,7
689,364,6208,851825,3,en,7
689,364,6370,851851,3,en,7
689,364,6071,851774,3,en,7
689,364,5587,851687,3,en,7
689,364,5915,851741,3,en,7
689,364,6499,851908,3,en,7
689,364,5582,851877,3,en,7
689,364,6125,851782,3,en,7
689,364,5990,851751,3,en,7
689,364,6522,851912,3,en,7
689,364,5679,851795,3,en,7
689,364,5741,851896,3,en,7
689,364,6146,851788,3,en,7
689,364,5673,851701,3,en,7
689,364,5694,851796,3,en,7
689,364,6102,851791,3,en,7
689,364,5607,851884,3,en,7
689,364,6526,851873,3,en,7
689,364,5583,851686,3,en,7
689,364,5901,851738,3,en,7
689,364,5739,851895,3,en,7
689,364,5904,851758,3,en,7
689,364,5860,851732,3,en,7
689,364,6377,851860,3,en,7
689,364,5721,851888,3,en,7
689,364,5630,851696,3,en,7
689,364,5865,851733,3,en,7
689,364,5854,851731,3,en,7
689,364,6101,851778,3,en,7
689,364,6514,851870,3,en,7
689,364,6231,851814,3,en,7
689,364,6175,851819,3,en,7
689,364,6522,851872,3,en,7
689,364,5710,851800,3,en,7
689,364,6088,851790,3,en,7
689,364,6429,851892,3,en,7
689,364,6469,851867,3,en,7
689,364,5979,851749,3,en,7
689,364,6135,851786,3,en,7
689,364,6343,851846,3,en,7
689,364,6605,851934,3,en,7
689,364,6203,851824,3,en,7
689,364,5674,851712,3,en,7
689,364,5771,851928,3,en,7
689,364,5640,851697,3,en,7
689,364,5619,851693,3,en,7
689,364,6147,851789,3,en,7
689,364,6242,851812,3,en,7
689,364,5642,851721,3,en,7
689,364,6613,851936,3,en,7
689,364,5659,851727,3,en,7
689,364,5588,851878,3,en,7
689,364,6221,851827,3,en,7
689,364,6590,851916,3,en,7
689,364,5725,851889,3,en,7
689,364,6039,851769,3,en,7
689,364,5604,851883,3,en,7
689,364,5680,851702,3,en,7
689,364,5626,851695,3,en,7
689,364,6227,851810,3,en,7
689,364,5894,851757,3,en,7
689,364,6140,851805,3,en,7
689,364,6396,851854,3,en,7
689,364,5949,851745,3,en,7
689,364,5993,851752,3,en,7
689,364,6094,851777,3,en,7
689,364,5594,851689,3,en,7
689,364,5579,851876,3,en,7
689,364,6252,851829,3,en,7
689,364,5769,851927,3,en,7
689,364,6507,851909,3,en,7
689,364,5888,851734,3,en,7
689,364,5795,851715,3,en,7
689,364,6170,851818,3,en,7
689,364,6161,851808,3,en,7
689,364,6083,851775,3,en,7
689,364,5740,851710,3,en,7
689,364,5963,851764,3,en,7
689,364,6153,851807,3,en,7
689,364,6237,851811,3,en,7
689,364,5727,851890,3,en,7
689,364,5650,851723,3,en,7
689,364,5590,851879,3,en,7
689,364,6127,851784,3,en,7
689,364,6125,851804,3,en,7
689,364,5719,851887,3,en,7
689,364,6362,851849,3,en,7
689,364,6476,851903,3,en,7
689,364,6390,851861,3,en,7
689,364,6582,851915,3,en,7
689,364,6070,851766,3,en,7
689,364,6364,851850,3,en,7
689,364,6127,851783,3,en,7
689,364,5715,851875,3,en,7
689,364,5875,851735,3,en,7
689,364,6285,851831,3,en,7
689,364,5609,851885,3,en,7
689,364,6192,851809,3,en,7
689,364,5579,851685,3,en,7
689,364,6596,851917,3,en,7
689,364,6536,851874,3,en,7
689,364,6166,851817,3,en,7
689,364,6618,851920,3,en,7
689,364,5614,851692,3,en,7
689,364,6458,851900,3,en,7
689,364,5781,851713,3,en,7
689,364,5788,851714,3,en,7
689,364,5653,851725,3,en,7
689,364,6295,851832,3,en,7
689,364,5762,851922,3,en,7
689,364,5818,851942,3,en,7
689,364,6214,851826,3,en,7
689,364,6600,851933,3,en,7
689,364,6409,851857,3,en,7
689,364,6006,851755,3,en,7
689,364,5827,851944,3,en,7
689,364,6455,851866,3,en,7
689,364,6307,851843,3,en,7
689,364,5760,851921,3,en,7
689,364,5702,851705,3,en,7
689,364,6336,851845,3,en,7
689,364,5599,851882,3,en,7
689,364,6278,851841,3,en,7
689,364,5906,851739,3,en,7
689,364,6118,851803,3,en,7
689,364,5944,851744,3,en,7
689,364,5705,851799,3,en,7
689,364,5816,851718,3,en,7
689,364,6308,851834,3,en,7
689,364,6056,851765,3,en,7
689,364,6463,851901,3,en,7
689,364,5654,851699,3,en,7
689,364,6145,851806,3,en,7
689,364,6321,851844,3,en,7
689,364,5592,851880,3,en,7
689,364,5655,851726,3,en,7
689,364,5611,851886,3,en,7
689,364,5983,851750,3,en,7
689,364,6130,851785,3,en,7
689,364,5846,851729,3,en,7
689,364,5913,851759,3,en,7
689,364,6549,851913,3,en,7
689,364,6192,851823,3,en,7
689,364,5803,851716,3,en,7
689,364,6359,851848,3,en,7
689,364,6177,851820,3,en,7
689,364,6057,851772,3,en,7
689,364,6302,851833,3,en,7
689,364,6559,851924,3,en,7
689,364,6417,851863,3,en,7
689,364,6292,851842,3,en,7
689,364,5663,851793,3,en,7
689,364,6002,851754,3,en,7
689,364,5973,851747,3,en,7
689,364,6387,851853,3,en,7
689,364,6611,851919,3,en,7
689,364,5700,851798,3,en,7
689,364,6129,851792,3,en,7
689,364,5735,851894,3,en,7
689,364,6247,851813,3,en,7
689,364,5914,851740,3,en,7
689,364,6118,851781,3,en,7
689,364,6014,851756,3,en,7
689,364,6410,851891,3,en,7
689,364,5698,851797,3,en,7
689,364,5608,851691,3,en,7
689,364,5691,851707,3,en,7
689,364,6604,851918,3,en,7
689,364,6438,851865,3,en,7
689,364,6101,851779,3,en,7
689,364,6481,851904,3,en,7
689,364,6567,851914,3,en,7
689,364,5742,851711,3,en,7
689,364,5934,851761,3,en,7
689,364,5877,851736,3,en,7
689,364,6183,851821,3,en,7
689,364,6568,851925,3,en,7
689,364,6513,851910,3,en,7
689,364,6545,851923,3,en,7
689,364,6516,851871,3,en,7
689,364,6050,851771,3,en,7
689,364,6424,851864,3,en,7
689,364,6331,851838,3,en,7
689,364,5770,851704,3,en,7
690,364,6934,818208,102,en,8
690,364,7109,818247,102,en,8
690,364,6847,818176,102,en,8
690,364,6864,818181,102,en,8
690,364,7047,818234,102,en,8
690,364,6925,818193,102,en,8
690,364,7008,818222,102,en,8
690,364,7002,818220,102,en,8
690,364,7181,818241,102,en,8
690,364,6789,818162,102,en,8
690,364,6792,818163,102,en,8
690,364,6787,818166,102,en,8
690,364,6912,818203,102,en,8
690,364,6738,818152,102,en,8
690,364,6857,818183,102,en,8
690,364,6919,818206,102,en,8
690,364,7073,818265,102,en,8
690,364,7290,818281,102,en,8
690,364,7263,818174,102,en,8
690,364,6678,818138,102,en,8
690,364,6725,818148,102,en,8
690,364,7170,818255,102,en,8
690,364,6638,818127,102,en,8
690,364,7043,818230,102,en,8
690,364,6852,818179,102,en,8
690,364,6835,818172,102,en,8
690,364,7135,818252,102,en,8
690,364,6971,818201,102,en,8
690,364,6895,818196,102,en,8
690,364,6679,818136,102,en,8
690,364,7019,818221,102,en,8
690,364,6985,818167,102,en,8
690,364,7103,818269,102,en,8
690,364,7278,818257,102,en,8
690,364,6745,818157,102,en,8
690,364,7140,818284,102,en,8
690,364,7053,818261,102,en,8
690,364,7058,818235,102,en,8
690,364,7309,818286,102,en,8
690,364,6990,818216,102,en,8
690,364,6997,818219,102,en,8
690,364,7098,818244,102,en,8
690,364,6896,818188,102,en,8
690,364,6732,818146,102,en,8
690,364,6979,818214,102,en,8
690,364,7109,818271,102,en,8
690,364,7306,818290,102,en,8
690,364,6920,818205,102,en,8
690,364,7033,818228,102,en,8
690,364,7110,818272,102,en,8
690,364,7237,818267,102,en,8
690,364,7292,818283,102,en,8
690,364,6871,818184,102,en,8
690,364,7000,818226,102,en,8
690,364,6648,818131,102,en,8
690,364,7072,818238,102,en,8
690,364,6811,818168,102,en,8
690,364,7118,818251,102,en,8
690,364,7295,818175,102,en,8
690,364,6953,818197,102,en,8
690,364,6643,818129,102,en,8
690,364,7192,818263,102,en,8
690,364,7099,818268,102,en,8
690,364,6829,818170,102,en,8
690,364,7083,818240,102,en,8
690,364,7116,818248,102,en,8
690,364,6836,818173,102,en,8
690,364,7002,818225,102,en,8
690,364,7110,818250,102,en,8
690,364,6723,818144,102,en,8
690,364,6807,818169,102,en,8
690,364,7057,818262,102,en,8
690,364,6630,818124,102,en,8
690,364,6884,818187,102,en,8
690,364,7094,818243,102,en,8
690,364,6969,818212,102,en,8
690,364,7274,818278,102,en,8
690,364,7270,818277,102,en,8
690,364,6726,818145,102,en,8
690,364,6875,818185,102,en,8
690,364,6842,818182,102,en,8
690,364,6969,818200,102,en,8
690,364,6978,818202,102,en,8
690,364,6933,818194,102,en,8
690,364,6713,818142,102,en,8
690,364,6668,818134,102,en,8
690,364,7248,818147,102,en,8
690,364,6939,818195,102,en,8
690,364,7280,818279,102,en,8
690,364,7108,818246,102,en,8
690,364,7063,818236,102,en,8
690,364,6752,818155,102,en,8
690,364,7310,818288,102,en,8
690,364,6848,818178,102,en,8
690,364,7077,818239,102,en,8
690,364,6737,818151,102,en,8
690,364,7140,818253,102,en,8
690,364,7036,818232,102,en,8
690,364,7031,818227,102,en,8
690,364,7042,818233,102,en,8
690,364,7307,818287,102,en,8
690,364,6659,818133,102,en,8
690,364,7013,818223,102,en,8
690,364,7068,818237,102,en,8
690,364,6757,818156,102,en,8
690,364,6635,818126,102,en,8
690,364,6622,818123,102,en,8
690,364,6682,818140,102,en,8
690,364,6919,818285,102,en,8
690,364,6672,818135,102,en,8
690,364,6919,818192,102,en,8
690,364,6692,818139,102,en,8
690,364,6779,818161,102,en,8
690,364,7133,818275,102,en,8
690,364,6915,818191,102,en,8
690,364,7020,818224,102,en,8
690,364,6907,818204,102,en,8
690,364,6786,818165,102,en,8
690,364,7184,818258,102,en,8
690,364,7263,818276,102,en,8
690,364,7037,818229,102,en,8
690,364,6658,818132,102,en,8
690,364,6801,818141,102,en,8
690,364,6633,818128,102,en,8
690,364,6706,818143,102,en,8
690,364,7157,818254,102,en,8
690,364,7121,818249,102,en,8
690,364,7295,818282,102,en,8
690,364,6943,818209,102,en,8
690,364,7103,818245,102,en,8
690,364,7106,818270,102,en,8
690,364,7260,818150,102,en,8
690,364,7198,818260,102,en,8
690,364,7160,818291,102,en,8
690,364,6905,818198,102,en,8
690,364,7074,818266,102,en,8
690,364,7238,818274,102,en,8
690,364,7284,818280,102,en,8
690,364,6734,818149,102,en,8
690,364,6924,818207,102,en,8
690,364,6795,818164,102,en,8
690,364,6973,818213,102,en,8
690,364,6808,818171,102,en,8
690,364,6989,818215,102,en,8
690,364,6828,818177,102,en,8
690,364,7318,818289,102,en,8
690,364,6742,818153,102,en,8
690,364,6742,818154,102,en,8
690,364,7189,818259,102,en,8
690,364,6774,818160,102,en,8
690,364,6629,818125,102,en,8
690,364,6992,818217,102,en,8
690,364,6856,818180,102,en,8
690,364,7071,818264,102,en,8
690,364,7049,818231,102,en,8
690,364,7214,818137,102,en,8
690,364,6908,818190,102,en,8
690,364,7174,818256,102,en,8
690,364,6906,818189,102,en,8
690,364,7014,818218,102,en,8
690,364,7090,818242,102,en,8
690,364,7121,818273,102,en,8
690,364,6960,818210,102,en,8
690,364,6638,818130,102,en,8
690,364,6965,818211,102,en,8
690,364,6879,818186,102,en,8
690,364,6771,818159,102,en,8
690,364,6964,818199,102,en,8
690,364,6765,818158,102,en,8
414,195,5672,851712,3,en,7
414,195,5756,851705,3,en,7
414,195,5756,851707,3,en,7
414,195,5679,851755,3,en,7
362,195,7304,818286,102,en,8
370,185,2882,802987,98,en,4
370,185,2879,802990,98,en,4
370,185,2989,803031,98,en,4
370,185,2954,803023,98,en,4
370,185,2980,803028,98,en,4
370,185,2939,803019,98,en,4
370,185,2976,803027,98,en,4
370,185,2878,802988,98,en,4
370,185,2968,803026,98,en,4
370,185,2950,803022,98,en,4
370,185,2982,803029,98,en,4
370,185,2957,803053,98,en,4
370,185,2873,802993,98,en,4
370,185,2985,803030,98,en,4
370,185,2880,802989,98,en,4
370,185,2927,803006,98,en,4
370,185,2944,803020,98,en,4
370,185,2932,803007,98,en,4
370,185,2879,802994,98,en,4
370,185,2883,802991,98,en,4
370,185,2936,803008,98,en,4
370,185,2917,803004,98,en,4
370,185,2907,803015,98,en,4
370,185,2964,803054,98,en,4
370,185,2900,802995,98,en,4
370,185,2894,802992,98,en,4
370,185,2906,802986,98,en,4
370,185,3571,802985,98,en,4
370,185,2923,803005,98,en,4
688,364,2964,803021,98,en,4
688,364,3135,803115,98,en,4
688,364,3193,803158,98,en,4
688,364,2979,803026,98,en,4
688,364,3355,803247,98,en,4
688,364,3079,803079,98,en,4
688,364,3781,803339,98,en,4
688,364,3358,803253,98,en,4
688,364,3415,803146,98,en,4
688,364,3354,803216,98,en,4
688,364,3446,803238,98,en,4
688,364,3048,803042,98,en,4
688,364,3706,803310,98,en,4
688,364,3061,803071,98,en,4
688,364,3827,803377,98,en,4
688,364,3868,803359,98,en,4
688,364,2931,803053,98,en,4
688,364,2874,803023,98,en,4
688,364,3355,803195,98,en,4
688,364,3183,803106,98,en,4
688,364,2948,803014,98,en,4
688,364,2874,802988,98,en,4
688,364,3129,803088,98,en,4
688,364,3309,803140,98,en,4
688,364,3795,803368,98,en,4
688,364,2951,803020,98,en,4
688,364,3596,803291,98,en,4
688,364,2978,803029,98,en,4
688,364,3434,803333,98,en,4
688,364,3787,803340,98,en,4
688,364,3134,803089,98,en,4
688,364,3172,803154,98,en,4
688,364,2956,803017,98,en,4
688,364,3242,803138,98,en,4
688,364,3434,803335,98,en,4
688,364,2928,803004,98,en,4
688,364,3045,803049,98,en,4
688,364,3041,803048,98,en,4
688,364,3761,803362,98,en,4
688,364,3113,803085,98,en,4
688,364,3354,803217,98,en,4
688,364,3435,803244,98,en,4
688,364,3434,803329,98,en,4
688,364,3355,803233,98,en,4
688,364,3514,803268,98,en,4
688,364,3053,803096,98,en,4
688,364,3354,803172,98,en,4
688,364,3672,803316,98,en,4
688,364,3608,803304,98,en,4
688,364,2937,803018,98,en,4
688,364,3799,803343,98,en,4
688,364,3457,803274,98,en,4
688,364,3682,803317,98,en,4
688,364,3494,803295,98,en,4
688,364,3727,803322,98,en,4
688,364,3424,803213,98,en,4
688,364,3351,803380,98,en,4
688,364,3031,803047,98,en,4
688,364,3251,803122,98,en,4
688,364,3242,803169,98,en,4
688,364,3415,803211,98,en,4
688,364,3017,803070,98,en,4
688,364,3438,803188,98,en,4
688,364,3818,803374,98,en,4
688,364,3258,803222,98,en,4
688,364,3714,803312,98,en,4
688,364,3585,803290,98,en,4
688,364,2992,803064,98,en,4
688,364,3402,803209,98,en,4
688,364,3697,803364,98,en,4
688,364,3347,803266,98,en,4
688,364,3555,803300,98,en,4
688,364,3523,803270,98,en,4
688,364,3836,803353,98,en,4
688,364,3769,803337,98,en,4
688,364,3214,803167,98,en,4
688,364,2930,803000,98,en,4
688,364,3355,803215,98,en,4
688,364,3097,803105,98,en,4
688,364,3774,803338,98,en,4
688,364,2899,803008,98,en,4
688,364,3368,803203,98,en,4
688,364,3355,803248,98,en,4
688,364,3153,803131,98,en,4
688,364,3045,803078,98,en,4
688,364,3841,803354,98,en,4
688,364,3035,803037,98,en,4
688,364,3610,803226,98,en,4
688,364,3660,803307,98,en,4
688,364,3245,803175,98,en,4
688,364,3353,803232,98,en,4
688,364,3591,803283,98,en,4
688,364,3095,803080,98,en,4
688,364,3818,803350,98,en,4
688,364,3177,803164,98,en,4
688,364,3357,803197,98,en,4
688,364,3187,803157,98,en,4
688,364,3688,803318,98,en,4
688,364,3339,803134,98,en,4
688,364,3857,803379,98,en,4
688,364,3010,803069,98,en,4
688,364,2887,802997,98,en,4
688,364,3729,803324,98,en,4
688,364,3204,803161,98,en,4
688,364,3248,803170,98,en,4
688,364,3240,803176,98,en,4
688,364,2995,803063,98,en,4
688,364,3435,803242,98,en,4
688,364,3360,803201,98,en,4
688,364,2981,803028,98,en,4
688,364,3360,803200,98,en,4
688,364,3247,803121,98,en,4
688,364,3258,803224,98,en,4
688,364,3068,803065,98,en,4
688,364,3561,803289,98,en,4
688,364,2965,803022,98,en,4
688,364,3028,803046,98,en,4
688,364,3854,803357,98,en,4
688,364,2877,802985,98,en,4
688,364,3451,803273,98,en,4
688,364,3155,803099,98,en,4
688,364,2997,803032,98,en,4
688,364,3709,803311,98,en,4
688,364,3518,803285,98,en,4
688,364,3495,803282,98,en,4
688,364,3802,803370,98,en,4
688,364,3597,803302,98,en,4
688,364,3154,803091,98,en,4
688,364,3397,803208,98,en,4
688,364,3521,803288,98,en,4
688,364,3629,803347,98,en,4
688,364,3046,803013,98,en,4
688,364,2965,803132,98,en,4
688,364,3435,803245,98,en,4
688,364,2938,803011,98,en,4
688,364,3026,803045,98,en,4
688,364,3464,803293,98,en,4
688,364,3207,803162,98,en,4
688,364,2881,802996,98,en,4
688,364,3347,803171,98,en,4
688,364,2940,803019,98,en,4
688,364,3299,803129,98,en,4
688,364,2998,803066,98,en,4
688,364,3490,803225,98,en,4
688,364,3437,803190,98,en,4
688,364,2978,803059,98,en,4
688,364,3071,803073,98,en,4
688,364,3257,803123,98,en,4
688,364,3354,803229,98,en,4
688,364,3434,803219,98,en,4
688,364,3233,803118,98,en,4
688,364,3158,803152,98,en,4
688,364,3720,803321,98,en,4
688,364,3116,803113,98,en,4
688,364,3060,803097,98,en,4
688,364,3148,803151,98,en,4
688,364,3489,803193,98,en,4
688,364,3538,803297,98,en,4
688,364,3360,803199,98,en,4
688,364,3220,803163,98,en,4
688,364,3346,803262,98,en,4
688,364,3435,803303,98,en,4
688,364,3055,803051,98,en,4
688,364,3328,803255,98,en,4
688,364,3258,803221,98,en,4
688,364,3354,803202,98,en,4
688,364,3733,803325,98,en,4
688,364,3493,803281,98,en,4
688,364,3356,803177,98,en,4
688,364,3446,803272,98,en,4
688,364,3217,803111,98,en,4
688,364,3258,803223,98,en,4
688,364,3269,803125,98,en,4
688,364,3354,803228,98,en,4
688,364,3684,803361,98,en,4
688,364,3538,803239,98,en,4
688,364,3339,803120,98,en,4
688,364,3035,803038,98,en,4
688,364,2872,803133,98,en,4
688,364,3305,803139,98,en,4
688,364,3478,803279,98,en,4
688,364,2936,803001,98,en,4
688,364,3809,803372,98,en,4
688,364,2937,803010,98,en,4
688,364,3148,803090,98,en,4
688,364,3061,803061,98,en,4
688,364,3842,803378,98,en,4
688,364,3097,803083,98,en,4
688,364,3437,803243,98,en,4
688,364,2963,803024,98,en,4
688,364,3541,803298,98,en,4
688,364,3197,803108,98,en,4
688,364,3073,803076,98,en,4
688,364,3471,803294,98,en,4
688,364,3392,803206,98,en,4
688,364,3699,803309,98,en,4
688,364,3357,803183,98,en,4
688,364,3845,803355,98,en,4
688,364,3712,803301,98,en,4
688,364,3173,803104,98,en,4
688,364,3119,803086,98,en,4
688,364,3078,803077,98,en,4
688,364,3104,803093,98,en,4
688,364,2882,802986,98,en,4
688,364,3240,803173,98,en,4
688,364,3334,803256,98,en,4
688,364,2906,802998,98,en,4
688,364,3198,803160,98,en,4
688,364,2878,802989,98,en,4
688,364,3467,803277,98,en,4
688,364,2958,803025,98,en,4
688,364,3002,803033,98,en,4
688,364,2877,802990,98,en,4
688,364,3125,803087,98,en,4
688,364,2963,803057,98,en,4
688,364,3639,803348,98,en,4
688,364,3626,803314,98,en,4
688,364,3232,803168,98,en,4
688,364,3182,803156,98,en,4
688,364,2881,802991,98,en,4
688,364,3138,803149,98,en,4
688,364,3159,803100,98,en,4
688,364,3263,803178,98,en,4
688,364,3210,803110,98,en,4
688,364,3862,803358,98,en,4
688,364,3093,803082,98,en,4
688,364,3795,803369,98,en,4
688,364,3665,803351,98,en,4
688,364,3366,803181,98,en,4
688,364,3346,803263,98,en,4
688,364,3196,803159,98,en,4
688,364,2885,803009,98,en,4
688,364,3133,803148,98,en,4
688,364,3004,803068,98,en,4
688,364,3249,803259,98,en,4
688,364,3447,803237,98,en,4
688,364,3656,803306,98,en,4
688,364,3357,803185,98,en,4
688,364,3401,803207,98,en,4
688,364,3792,803341,98,en,4
688,364,3421,803210,98,en,4
688,364,3754,803363,98,en,4
688,364,2923,803003,98,en,4
688,364,3297,803136,98,en,4
688,364,3347,803264,98,en,4
688,364,3005,803034,98,en,4
688,364,3776,803366,98,en,4
688,364,3535,803296,98,en,4
688,364,3040,803039,98,en,4
688,364,3290,803135,98,en,4
688,364,3355,803249,98,en,4
688,364,3605,803344,98,en,4
688,364,3673,803360,98,en,4
688,364,3277,803126,98,en,4
688,364,3011,803074,98,en,4
688,364,3281,803127,98,en,4
688,364,3058,803050,98,en,4
688,364,3244,803174,98,en,4
688,364,3358,803251,98,en,4
688,364,3796,803342,98,en,4
688,364,3203,803109,98,en,4
688,364,2980,803060,98,en,4
688,364,3300,803137,98,en,4
688,364,3536,803240,98,en,4
688,364,3827,803352,98,en,4
688,364,3450,803271,98,en,4
688,364,2959,803054,98,en,4
688,364,2908,803007,98,en,4
688,364,3003,803067,98,en,4
688,364,3101,803092,98,en,4
688,364,3424,803184,98,en,4
688,364,3013,803035,98,en,4
688,364,3744,803326,98,en,4
688,364,3142,803116,98,en,4
688,364,3438,803191,98,en,4
688,364,3518,803269,98,en,4
688,364,3458,803292,98,en,4
688,364,3357,803381,98,en,4
688,364,3065,803072,98,en,4
688,364,3536,803241,98,en,4
688,364,3231,803117,98,en,4
688,364,3725,803323,98,en,4
688,364,3427,803189,98,en,4
688,364,3851,803356,98,en,4
688,364,3354,803231,98,en,4
688,364,3142,803150,98,en,4
688,364,3171,803102,98,en,4
688,364,3458,803275,98,en,4
688,364,3820,803376,98,en,4
688,364,3022,803044,98,en,4
688,364,3435,803327,98,en,4
688,364,3113,803094,98,en,4
688,364,3800,803371,98,en,4
688,364,2888,802992,98,en,4
688,364,3351,803194,98,en,4
688,364,3387,803205,98,en,4
688,364,3429,803186,98,en,4
688,364,3258,803220,98,en,4
688,364,3339,803257,98,en,4
688,364,3469,803278,98,en,4
688,364,3044,803041,98,en,4
688,364,3614,803345,98,en,4
688,364,3357,803254,98,en,4
688,364,3630,803315,98,en,4
688,364,3729,803330,98,en,4
688,364,3519,803286,98,en,4
688,364,3354,803227,98,en,4
688,364,2956,803056,98,en,4
688,364,3179,803155,98,en,4
688,364,2892,802993,98,en,4
688,364,2989,803030,98,en,4
688,364,3204,803166,98,en,4
688,364,3163,803101,98,en,4
688,364,3435,802987,98,en,4
688,364,3358,803252,98,en,4
688,364,3358,803196,98,en,4
688,364,2940,803055,98,en,4
688,364,3242,803141,98,en,4
688,364,3089,803103,98,en,4
688,364,3003,803043,98,en,4
688,364,2886,802999,98,en,4
688,364,3104,803084,98,en,4
688,364,3415,803212,98,en,4
688,364,3358,803261,98,en,4
688,364,2931,803006,98,en,4
688,364,3520,803287,98,en,4
688,364,3030,803040,98,en,4
688,364,3810,803349,98,en,4
688,364,3105,803112,98,en,4
688,364,3263,803124,98,en,4
688,364,3192,803107,98,en,4
688,364,3549,803299,98,en,4
688,364,3063,803062,98,en,4
688,364,3189,803165,98,en,4
688,364,3503,803267,98,en,4
688,364,3264,803180,98,en,4
688,364,3867,803375,98,en,4
688,364,3782,803367,98,en,4
688,364,3358,803260,98,en,4
688,364,3087,803081,98,en,4
688,364,3126,803147,98,en,4
688,364,3483,803280,98,en,4
688,364,2914,803015,98,en,4
688,364,3434,803331,98,en,4
688,364,3354,803182,98,en,4
688,364,2899,802994,98,en,4
688,364,3347,803265,98,en,4
688,364,3464,803276,98,en,4
688,364,3073,803075,98,en,4
688,364,3293,803128,98,en,4
688,364,3623,803346,98,en,4
688,364,3510,803284,98,en,4
688,364,3264,803179,98,en,4
688,364,3117,803095,98,en,4
688,364,2925,803052,98,en,4
688,364,3354,803230,98,en,4
688,364,3362,803144,98,en,4
688,364,3659,803305,98,en,4
688,364,3370,803145,98,en,4
688,364,3147,803130,98,en,4
688,364,3074,803098,98,en,4
688,364,3357,803198,98,en,4
688,364,3432,803187,98,en,4
688,364,3352,803142,98,en,4
688,364,3679,803308,98,en,4
688,364,3435,803328,98,en,4
688,364,3171,803153,98,en,4
688,364,3816,803373,98,en,4
688,364,2923,803002,98,en,4
688,364,2974,803027,98,en,4
688,364,3387,803204,98,en,4
688,364,3447,803235,98,en,4
688,364,3696,803319,98,en,4
688,364,2996,803031,98,en,4
688,364,2961,803058,98,en,4
688,364,3706,803320,98,en,4
688,364,2942,803016,98,en,4
688,364,3124,803114,98,en,4
688,364,3258,803218,98,en,4
688,364,3434,803332,98,en,4
688,364,3355,803214,98,en,4
688,364,2881,802995,98,en,4
688,364,3239,803119,98,en,4
688,364,3447,803246,98,en,4
688,364,3434,803336,98,en,4
688,364,3357,803258,98,en,4
688,364,3358,803250,98,en,4
688,364,3721,803313,98,en,4
688,364,3434,803334,98,en,4
688,364,3768,803365,98,en,4
688,364,3449,803234,98,en,4
688,364,3039,803012,98,en,4
688,364,2873,803036,98,en,4
688,364,3447,803236,98,en,4
688,364,3357,803192,98,en,4
688,364,2918,803005,98,en,4
688,364,3356,803143,98,en,4
685,363,7092,818244,102,en,8
685,363,6828,818177,102,en,8
685,363,7021,818229,102,en,8
685,363,7053,818238,102,en,8
685,363,7135,818249,102,en,8
685,363,6748,818158,102,en,8
685,363,7287,818281,102,en,8
685,363,7256,818270,102,en,8
685,363,7159,818256,102,en,8
685,363,7198,818265,102,en,8
685,363,6621,818123,102,en,8
685,363,7164,818255,102,en,8
685,363,7269,818279,102,en,8
685,363,6728,818150,102,en,8
685,363,7161,818259,102,en,8
685,363,7229,818274,102,en,8
685,363,6849,818183,102,en,8
685,363,6804,818169,102,en,8
685,363,6747,818156,102,en,8
685,363,6762,818160,102,en,8
685,363,7008,818222,102,en,8
685,363,7031,818231,102,en,8
685,363,7216,818267,102,en,8
685,363,7312,818289,102,en,8
685,363,6932,818208,102,en,8
685,363,7057,818236,102,en,8
685,363,6770,818161,102,en,8
685,363,7006,818225,102,en,8
685,363,6665,818135,102,en,8
685,363,6654,818132,102,en,8
685,363,6833,818180,102,en,8
685,363,6821,818178,102,en,8
685,363,7258,818277,102,en,8
685,363,6900,818200,102,en,8
685,363,6863,818189,102,en,8
685,363,7078,818242,102,en,8
685,363,7149,818254,102,en,8
685,363,6909,818203,102,en,8
685,363,7115,818251,102,en,8
685,363,7281,818282,102,en,8
685,363,6987,818217,102,en,8
685,363,6793,818167,102,en,8
685,363,6633,818127,102,en,8
685,363,7302,818290,102,en,8
685,363,6854,818187,102,en,8
685,363,6731,818149,102,en,8
685,363,6786,818164,102,en,8
685,363,6839,818182,102,en,8
685,363,6821,818175,102,en,8
685,363,6818,818174,102,en,8
685,363,7287,818284,102,en,8
685,363,7261,818273,102,en,8
685,363,6711,818144,102,en,8
685,363,6737,818154,102,en,8
685,363,7229,818268,102,en,8
685,363,7267,818272,102,en,8
685,363,6734,818153,102,en,8
685,363,7015,818227,102,en,8
685,363,7031,818230,102,en,8
685,363,6678,818138,102,en,8
685,363,7261,818271,102,en,8
685,363,6927,818206,102,en,8
685,363,6898,818197,102,en,8
685,363,6976,818214,102,en,8
685,363,6945,818209,102,en,8
685,363,6777,818162,102,en,8
685,363,7172,818260,102,en,8
685,363,7265,818278,102,en,8
685,363,6846,818184,102,en,8
685,363,7017,818223,102,en,8
685,363,6893,818196,102,en,8
685,363,6952,818210,102,en,8
685,363,7103,818245,102,en,8
685,363,7251,818276,102,en,8
685,363,6994,818219,102,en,8
685,363,7122,818247,102,en,8
685,363,7207,818266,102,en,8
685,363,6627,818125,102,en,8
685,363,6809,818171,102,en,8
685,363,6702,818140,102,en,8
685,363,7242,818269,102,en,8
685,363,6699,818141,102,en,8
685,363,7042,818233,102,en,8
685,363,6644,818131,102,en,8
685,363,6819,818173,102,en,8
685,363,6991,818218,102,en,8
685,363,6830,818181,102,en,8
685,363,7072,818240,102,en,8
685,363,6711,818145,102,en,8
685,363,7275,818280,102,en,8
685,363,6831,818176,102,en,8
685,363,6674,818136,102,en,8
685,363,6902,818198,102,en,8
685,363,7012,818228,102,en,8
685,363,6795,818166,102,en,8
685,363,6633,818128,102,en,8
685,363,7179,818262,102,en,8
685,363,7311,818285,102,en,8
685,363,7304,818286,102,en,8
685,363,6662,818134,102,en,8
685,363,6782,818163,102,en,8
685,363,6662,818133,102,en,8
685,363,6858,818188,102,en,8
685,363,7048,818234,102,en,8
685,363,7035,818235,102,en,8
685,363,6691,818139,102,en,8
685,363,6917,818205,102,en,8
685,363,7059,818239,102,en,8
685,363,7140,818248,102,en,8
685,363,6850,818186,102,en,8
685,363,7011,818224,102,en,8
685,363,7048,818237,102,en,8
685,363,6815,818172,102,en,8
685,363,6703,818143,102,en,8
685,363,6756,818159,102,en,8
685,363,6707,818142,102,en,8
685,363,7186,818264,102,en,8
685,363,6745,818157,102,en,8
685,363,6924,818207,102,en,8
685,363,6880,818191,102,en,8
685,363,6800,818168,102,en,8
685,363,7000,818226,102,en,8
685,363,7137,818253,102,en,8
685,363,6726,818146,102,en,8
685,363,7241,818275,102,en,8
685,363,6742,818152,102,en,8
685,363,7031,818232,102,en,8
685,363,7304,818288,102,en,8
685,363,6980,818216,102,en,8
685,363,6853,818185,102,en,8
685,363,7188,818263,102,en,8
685,363,6636,818130,102,en,8
685,363,7104,818250,102,en,8
685,363,7312,818291,102,en,8
685,363,6624,818126,102,en,8
685,363,7122,818252,102,en,8
685,363,6825,818179,102,en,8
685,363,7112,818246,102,en,8
685,363,6683,818137,102,en,8
685,363,7291,818283,102,en,8
685,363,6907,818204,102,en,8
386,195,2884,803034,98,en,4
386,195,2995,803032,98,en,4
386,195,3364,803029,98,en,4
386,195,3239,803071,98,en,4
386,195,3068,803077,98,en,4
386,195,3145,803057,98,en,4
386,195,2977,802991,98,en,4
386,195,3173,803063,98,en,4
386,195,3080,803058,98,en,4
386,195,2972,803026,98,en,4
386,195,2877,803035,98,en,4
386,195,3341,803072,98,en,4
386,195,2893,803065,98,en,4
386,195,3039,803055,98,en,4
386,195,2988,803060,98,en,4
386,195,2886,802992,98,en,4
386,195,2895,802993,98,en,4
386,195,2972,803027,98,en,4
386,195,3516,803074,98,en,4
386,195,3071,802988,98,en,4
386,195,2988,803061,98,en,4
386,195,2917,803066,98,en,4
386,195,2980,803075,98,en,4
386,195,3093,803062,98,en,4
386,195,2972,803025,98,en,4
386,195,2972,803028,98,en,4
386,195,3089,803031,98,en,4
386,195,2946,803069,98,en,4
386,195,3292,802985,98,en,4
386,195,3023,803067,98,en,4
386,195,2947,803070,98,en,4
386,195,3005,803033,98,en,4
386,195,2876,802989,98,en,4
386,195,3056,803056,98,en,4
386,195,2980,803076,98,en,4
386,195,2893,803064,98,en,4
386,195,2874,802990,98,en,4
386,195,2901,802986,98,en,4
386,195,3516,803073,98,en,4
386,195,3258,803059,98,en,4
386,195,3089,803030,98,en,4
386,195,3130,803068,98,en,4
682,362,6635,818135,102,en,8
682,362,6731,818124,102,en,8
682,362,6655,818133,102,en,8
682,362,6691,818139,102,en,8
682,362,6637,818131,102,en,8
682,362,6638,818136,102,en,8
682,362,6625,818123,102,en,8
682,362,6633,818128,102,en,8
682,362,6624,818126,102,en,8
682,362,6639,818134,102,en,8
682,362,6634,818127,102,en,8
682,362,6630,818125,102,en,8
682,362,6654,818132,102,en,8
682,362,6630,818129,102,en,8
682,362,6678,818138,102,en,8
682,362,6683,818137,102,en,8
