session_id,reading_session_id
1,2921
2,2921
3,130
4,130
5,130
6,2961
7,2961
8,2961
9,2961
10,2961
11,130
12,130
13,2961
14,130
15,2961
16,2921
17,2961
18,2921
19,130
20,130
21,2961
22,2961
23,130
24,2921
25,2921
26,130
27,2961
28,130
29,2921
30,2961
31,130
32,130
33,2921
34,2961
35,2921
36,2921
37,2921
38,2961
39,2961
40,2961
41,130
42,2921
43,2921
44,2921
45,130
46,130
47,2921
48,130
49,2921
50,2921
51,2921
52,130
53,2961
54,2961
55,2961
56,2921
57,2921
58,130
59,130
60,2961
61,130
62,2921
63,2961
64,2961
65,2961
66,2961
67,2961
68,2921
69,2961
70,2921
71,2921
72,130
73,130
74,2961
75,130
76,130
77,2921
78,2961
79,2921
80,2961
81,2961
82,2961
83,2921
84,2961
85,130
86,2921
87,130
88,130
89,2961
90,2961
91,2961
92,2961
93,130
94,2921
95,2921
96,2921
97,130
98,2921
99,2961
100,2921
101,2921
102,130
103,2961
104,2921
105,2921
106,2921
107,130
108,130
109,2921
110,130
111,2961
112,130
113,130
114,130
115,2961
116,2921
117,130
118,130
119,130
120,2921
121,130
122,2961
123,2921
124,130
125,130
126,2961
127,2921
128,2921
129,2921
130,2921
131,2961
132,130
133,2921
134,2921
135,2961
136,2921
137,2961
138,130
139,130
140,130
141,2921
142,2961
143,2961
144,130
145,2921
146,2961
147,2961
148,2961
149,130
150,130
151,2961
152,2961
153,2961
154,2921
155,130
156,2921
157,130
158,2961
159,130
160,2961
161,2921
162,130
163,2961
164,2921
165,2921
166,2961
167,2961
168,2961
169,130
170,130
171,130
172,2921
173,130
174,2921
175,2921
176,130
177,2921
178,130
179,2961
180,2921
